store_name,DATE,TOTAL SALE,Total Cost of Sales,Gross Profit,   Total Occupancy Expenses,   Total Wages Expenses,net profit
Acacia Pharmacy Pty Ltd1,28-Feb-19,7671794.9,5132024.49,243605.7,112905.12,901614.32,100
Acacia Pharmacy Pty Ltd2,28-Feb-19,17671794.9,15132024.49,2436305.72,12905.12,91614.32,22222
Acacia Pharmacy Pty Ltd3,28-Feb-19,27671794.9,5132024.492,1243605.7,11905.12,101614.32,3333
Acacia Pharmacy Pty Ltd1,2/31/2019,7671794.9,5132024.49,243605.7,112905.12,901614.32,4444
Acacia Pharmacy Pty Ltd2,2/31/2019,17671794.9,15132024.49,2436305.72,12905.12,91614.32,555
Acacia Pharmacy Pty Ltd3,2/31/2019,27671794.9,5132024.492,1243605.7,11905.12,101614.32,5555
